Workbook

Sheet 2025
A1: s_no | B1: players_name | C1: Base_price | D1: winning_bid | E1: cap_uncap | F1: team_name | G1: base_price(laks) | H1: winning_bid(laks)
A2: 1 | B2: Noor Ahmad | C2: 20000000 | D2: 100000000 | E2: Capped | F2: Chennai Super Kings | G2: =C2/100000 -> 200 | H2: =D2/100000 -> 1000
A3: 2 | B3: Ravichandaran Ashwin | C3: 20000000 | D3: 97500000 | E3: Capped | F3: Chennai Super Kings | G3: =C3/100000 -> 200 | H3: =D3/100000 -> 975
A4: 3 | B4: Devon Conway | C4: 20000000 | D4: 62500000 | E4: Capped | F4: Chennai Super Kings | G4: =C4/100000 -> 200 | H4: =D4/100000 -> 625
A5: 4 | B5: Syed Khaleel Ahmed | C5: 20000000 | D5: 48000000 | E5: Capped | F5: Chennai Super Kings | G5: =C5/100000 -> 200 | H5: =D5/100000 -> 480
A6: 5 | B6: Rachin Ravindra | C6: 15000000 | D6: 40000000 | E6: Capped | F6: Chennai Super Kings | G6: =C6/100000 -> 150 | H6: =D6/100000 -> 400
A7: 6 | B7: Anshul Kamboj | C7: 3000000 | D7: 34000000 | E7: Uncapped | F7: Chennai Super Kings | G7: =C7/100000 -> 30 | H7: =D7/100000 -> 340
A8: 7 | B8: Rahul Tripathi | C8: 7500000 | D8: 34000000 | E8: Capped | F8: Chennai Super Kings | G8: =C8/100000 -> 75 | H8: =D8/100000 -> 340
A9: 8 | B9: Sam Curran | C9: 20000000 | D9: 24000000 | E9: Capped | F9: Chennai Super Kings | G9: =C9/100000 -> 200 | H9: =D9/100000 -> 240
A10: 9 | B10: Gurjapneet Singh | C10: 3000000 | D10: 22000000 | E10: Uncapped | F10: Chennai Super Kings | G10: =C10/100000 -> 30 | H10: =D10/100000 -> 220
A11: 10 | B11: Nathan Ellis | C11: 12500000 | D11: 20000000 | E11: Capped | F11: Chennai Super Kings | G11: =C11/100000 -> 125 | H11: =D11/100000 -> 200
A12: 11 | B12: Deepak Hooda | C12: 7500000 | D12: 17000000 | E12: Capped | F12: Chennai Super Kings | G12: =C12/100000 -> 75 | H12: =D12/100000 -> 170
A13: 12 | B13: Jamie Overton | C13: 15000000 | D13: 15000000 | E13: Capped | F13: Chennai Super Kings | G13: =C13/100000 -> 150 | H13: =D13/100000 -> 150
... A183: 182 | B183: Atharva Taide | C183: 3000000 | D183: 3000000 | E183: Uncapped | F183: Sunrisers Hyderabad | G183: =C183/100000 -> 30 | H183: =D183/100000 -> 30

Sheet 2024
A1: sr_no | B1: Player_name | C1: Nationality | D1: Type | E1: price_paid | F1: team_name | G1: price_paid(laks)
A2: 1 | B2: Avanish Rao Aravelly | C2: Indian | D2: Wicket-Keeper | E2: 2000000 | F2: Chennai Super Kings | G2: =E2/100000 -> 20
A3: 2 | B3: Mustafizur Rahman | C3: Overseas | D3: Bowler | E3: 20000000 | F3: Chennai Super Kings | G3: =E3/100000 -> 200
A4: 3 | B4: Daryl Mitchell | C4: Overseas | D4: All-Rounder | E4: 140000000 | F4: Chennai Super Kings | G4: =E4/100000 -> 1400
A5: 4 | B5: Sameer Rizvi | C5: Indian | D5: Batter | E5: 84000000 | F5: Chennai Super Kings | G5: =E5/100000 -> 840
A6: 5 | B6: Rachin Ravindra | C6: Overseas | D6: All-Rounder | E6: 18000000 | F6: Chennai Super Kings | G6: =E6/100000 -> 180
A7: 6 | B7: Shardul Thakur | C7: Indian | D7: All-Rounder | E7: 40000000 | F7: Chennai Super Kings | G7: =E7/100000 -> 400
A8: 7 | B8: Ricky Bhui | C8: Indian | D8: Wicket-Keeper | E8: 2000000 | F8: Delhi Capitals | G8: =E8/100000 -> 20
A9: 8 | B9: Sumit Kumar | C9: Indian | D9: All-Rounder | E9: 10000000 | F9: Delhi Capitals | G9: =E9/100000 -> 100
A10: 9 | B10: Swastik Chhikara | C10: Indian | D10: Batter | E10: 2000000 | F10: Delhi Capitals | G10: =E10/100000 -> 20
A11: 10 | B11: Jhye Richardson | C11: Overseas | D11: Bowler | E11: 50000000 | F11: Delhi Capitals | G11: =E11/100000 -> 500
A12: 11 | B12: Shai Hope | C12: Overseas | D12: Wicket-Keeper | E12: 7500000 | F12: Delhi Capitals | G12: =E12/100000 -> 75
A13: 12 | B13: Rasikh Dar | C13: Indian | D13: Bowler | E13: 2000000 | F13: Delhi Capitals | G13: =E13/100000 -> 20
... A73: 72 | B73: Travis Head | C73: Overseas | D73: Batter | E73: 68000000 | F73: Sunrisers Hyderabad | G73: =E73/100000 -> 680

Sheet 2023
A1: sr_no | B1: Player_name | C1: Nationality | D1: Type | E1: price_paid | F1: team_name | G1: price_paid(laks)
A2: 1 | B2: Ben Stokes | C2: Overseas | D2: All-Rounder | E2: 162500000 | F2: Chennai Super Kings | G2: =E2/100000 -> 1625
A3: 2 | B3: Kyle Jamieson | C3: Overseas | D3: Bowler | E3: 10000000 | F3: Chennai Super Kings | G3: =E3/100000 -> 100
A4: 3 | B4: Nishant Sindhu | C4: Indian | D4: All-Rounder | E4: 6000000 | F4: Chennai Super Kings | G4: =E4/100000 -> 60
A5: 4 | B5: Ajinkya Rahane | C5: Indian | D5: Batter | E5: 5000000 | F5: Chennai Super Kings | G5: =E5/100000 -> 50
A6: 5 | B6: Bhagath Varma | C6: Indian | D6: All-Rounder | E6: 2000000 | F6: Chennai Super Kings | G6: =E6/100000 -> 20
A7: 6 | B7: Ajay Mandal | C7: Indian | D7: All-Rounder | E7: 2000000 | F7: Chennai Super Kings | G7: =E7/100000 -> 20
A8: 7 | B8: Shaik Rasheed | C8: Indian | D8: Batter | E8: 2000000 | F8: Chennai Super Kings | G8: =E8/100000 -> 20
A9: 8 | B9: Mukesh Kumar | C9: Indian | D9: Bowler | E9: 55000000 | F9: Delhi Capitals | G9: =E9/100000 -> 550
A10: 9 | B10: Rilee Rossouw | C10: Overseas | D10: Batter | E10: 46000000 | F10: Delhi Capitals | G10: =E10/100000 -> 460
A11: 10 | B11: Manish Pandey | C11: Indian | D11: Batter | E11: 24000000 | F11: Delhi Capitals | G11: =E11/100000 -> 240
A12: 11 | B12: Phil Salt | C12: Overseas | D12: Wicket-Keeper | E12: 20000000 | F12: Delhi Capitals | G12: =E12/100000 -> 200
A13: 12 | B13: Ishant Sharma | C13: Indian | D13: Bowler | E13: 5000000 | F13: Delhi Capitals | G13: =E13/100000 -> 50
... A81: 80 | B81: Nitish Kumar Reddy | C81: Indian | D81: Wicket-Keeper | E81: 2000000 | F81: Sunrisers Hyderabad | G81: =E81/100000 -> 20

Sheet 2022
A1: sr_no | B1: Player_name | C1: Nationality | D1: Type | E1: price_paid | F1: team_name | G1: price_paid(laks)
A2: 1 | B2: Deepak Chahar | C2: Indian | D2: Bowler | E2: 140000000 | F2: Chennai Super Kings | G2: =E2/100000 -> 1400
A3: 2 | B3: Ambati Rayudu | C3: Indian | D3: Wicket Keeper | E3: 67500000 | F3: Chennai Super Kings | G3: =E3/100000 -> 675
A4: 3 | B4: Dwayne Bravo | C4: Overseas | D4: All-Rounder | E4: 44000000 | F4: Chennai Super Kings | G4: =E4/100000 -> 440
A5: 4 | B5: Shivam Dube | C5: Indian | D5: All-Rounder | E5: 40000000 | F5: Chennai Super Kings | G5: =E5/100000 -> 400
A6: 5 | B6: Chris Jordan | C6: Overseas | D6: All-Rounder | E6: 36000000 | F6: Chennai Super Kings | G6: =E6/100000 -> 360
A7: 6 | B7: Robin Uthappa | C7: Indian | D7: Batsman | E7: 20000000 | F7: Chennai Super Kings | G7: =E7/100000 -> 200
A8: 7 | B8: Mitchell Santner | C8: Overseas | D8: All-Rounder | E8: 19000000 | F8: Chennai Super Kings | G8: =E8/100000 -> 190
A9: 8 | B9: Adam Milne | C9: Overseas | D9: Bowler | E9: 19000000 | F9: Chennai Super Kings | G9: =E9/100000 -> 190
A10: 9 | B10: Rajvardhan Hangargekar | C10: Indian | D10: All-Rounder | E10: 15000000 | F10: Chennai Super Kings | G10: =E10/100000 -> 150
A11: 10 | B11: Prashant Solanki | C11: Indian | D11: Bowler | E11: 12000000 | F11: Chennai Super Kings | G11: =E11/100000 -> 120
A12: 11 | B12: Devon Conway | C12: Overseas | D12: Batsman | E12: 10000000 | F12: Chennai Super Kings | G12: =E12/100000 -> 100
A13: 12 | B13: Maheesh Theekshana | C13: Overseas | D13: Bowler | E13: 7000000 | F13: Chennai Super Kings | G13: =E13/100000 -> 70
... A205: 204 | B205: Saurabh Dubey | C205: Indian | D205: Bowler | E205: 2000000 | F205: Sunrisers Hyderabad | G205: =E205/100000 -> 20

Sheet master
A1: players_name | B1: 2025_sold_amt | C1: 2024_sold_amt | D1: 2023_sold_amt | E1: 2022_sold_amt | F1: Type1 | G1: type2 | H1: type3 | I1: final_type | J1: current_team
A2: Noor Ahmad | B2: =VLOOKUP(A2, '2025'!B:H, 2, FALSE) -> 20000000 | C2: =IFERROR(VLOOKUP(A2,'2024'!B:G,4,FALSE),0) -> 0 | D2: =IFERROR(VLOOKUP(A2,'2023'!B:G,4,FALSE),0) -> 0 | E2: =IFERROR(VLOOKUP(A2,'2022'!B:G,4,FALSE),0) -> 3000000 | F2: =IFERROR(VLOOKUP(A2,'2022'!B:G,3,FALSE),"Unknown") -> Bowler | G2: =IFERROR(VLOOKUP(A2,'2023'!B:G,3,FALSE),"Unknown") -> Unknown | H2: =IFERROR(VLOOKUP(A2,'2024'!B:G,3,FALSE),"Unknown") -> Unknown | I2: =IF(F2<>"Unknown",F2,IF(G2<>"Unknown",G2,H2)) -> Bowler | J2: =VLOOKUP(A2,'2025'!B:F,5,FALSE) -> Chennai Super Kings
A3: Ravichandaran Ashwin | B3: =VLOOKUP(A3, '2025'!B:H, 2, FALSE) -> 20000000 | C3: =IFERROR(VLOOKUP(A3,'2024'!B:G,4,FALSE),0) -> 0 | D3: =IFERROR(VLOOKUP(A3,'2023'!B:G,4,FALSE),0) -> 0 | E3: =IFERROR(VLOOKUP(A3,'2022'!B:G,4,FALSE),0) -> 0 | F3: =IFERROR(VLOOKUP(A3,'2022'!B:G,3,FALSE),"Unknown") -> Unknown | G3: =IFERROR(VLOOKUP(A3,'2023'!B:G,3,FALSE),"Unknown") -> Unknown | H3: =IFERROR(VLOOKUP(A3,'2024'!B:G,3,FALSE),"Unknown") -> Unknown | I3: =IF(F3<>"Unknown",F3,IF(G3<>"Unknown",G3,H3)) -> Unknown | J3: =VLOOKUP(A3,'2025'!B:F,5,FALSE) -> Chennai Super Kings
A4: Devon Conway | B4: =VLOOKUP(A4, '2025'!B:H, 2, FALSE) -> 20000000 | C4: =IFERROR(VLOOKUP(A4,'2024'!B:G,4,FALSE),0) -> 0 | D4: =IFERROR(VLOOKUP(A4,'2023'!B:G,4,FALSE),0) -> 0 | E4: =IFERROR(VLOOKUP(A4,'2022'!B:G,4,FALSE),0) -> 10000000 | F4: =IFERROR(VLOOKUP(A4,'2022'!B:G,3,FALSE),"Unknown") -> Batsman | G4: =IFERROR(VLOOKUP(A4,'2023'!B:G,3,FALSE),"Unknown") -> Unknown | H4: =IFERROR(VLOOKUP(A4,'2024'!B:G,3,FALSE),"Unknown") -> Unknown | I4: =IF(F4<>"Unknown",F4,IF(G4<>"Unknown",G4,H4)) -> Batsman | J4: =VLOOKUP(A4,'2025'!B:F,5,FALSE) -> Chennai Super Kings
A5: Syed Khaleel Ahmed | B5: =VLOOKUP(A5, '2025'!B:H, 2, FALSE) -> 20000000 | C5: =IFERROR(VLOOKUP(A5,'2024'!B:G,4,FALSE),0) -> 0 | D5: =IFERROR(VLOOKUP(A5,'2023'!B:G,4,FALSE),0) -> 0 | E5: =IFERROR(VLOOKUP(A5,'2022'!B:G,4,FALSE),0) -> 52500000 | F5: =IFERROR(VLOOKUP(A5,'2022'!B:G,3,FALSE),"Unknown") -> Bowler | G5: =IFERROR(VLOOKUP(A5,'2023'!B:G,3,FALSE),"Unknown") -> Unknown | H5: =IFERROR(VLOOKUP(A5,'2024'!B:G,3,FALSE),"Unknown") -> Unknown | I5: =IF(F5<>"Unknown",F5,IF(G5<>"Unknown",G5,H5)) -> Bowler | J5: =VLOOKUP(A5,'2025'!B:F,5,FALSE) -> Chennai Super Kings
A6: Rachin Ravindra | B6: =VLOOKUP(A6, '2025'!B:H, 2, FALSE) -> 15000000 | C6: =IFERROR(VLOOKUP(A6,'2024'!B:G,4,FALSE),0) -> 18000000 | D6: =IFERROR(VLOOKUP(A6,'2023'!B:G,4,FALSE),0) -> 0 | E6: =IFERROR(VLOOKUP(A6,'2022'!B:G,4,FALSE),0) -> 0 | F6: =IFERROR(VLOOKUP(A6,'2022'!B:G,3,FALSE),"Unknown") -> Unknown | G6: =IFERROR(VLOOKUP(A6,'2023'!B:G,3,FALSE),"Unknown") -> Unknown | H6: =IFERROR(VLOOKUP(A6,'2024'!B:G,3,FALSE),"Unknown") -> All-Rounder | I6: =IF(F6<>"Unknown",F6,IF(G6<>"Unknown",G6,H6)) -> All-Rounder | J6: =VLOOKUP(A6,'2025'!B:F,5,FALSE) -> Chennai Super Kings
A7: Anshul Kamboj | B7: =VLOOKUP(A7, '2025'!B:H, 2, FALSE) -> 3000000 | C7: =IFERROR(VLOOKUP(A7,'2024'!B:G,4,FALSE),0) -> 2000000 | D7: =IFERROR(VLOOKUP(A7,'2023'!B:G,4,FALSE),0) -> 0 | E7: =IFERROR(VLOOKUP(A7,'2022'!B:G,4,FALSE),0) -> 0 | F7: =IFERROR(VLOOKUP(A7,'2022'!B:G,3,FALSE),"Unknown") -> Unknown | G7: =IFERROR(VLOOKUP(A7,'2023'!B:G,3,FALSE),"Unknown") -> Unknown | H7: =IFERROR(VLOOKUP(A7,'2024'!B:G,3,FALSE),"Unknown") -> All-Rounder | I7: =IF(F7<>"Unknown",F7,IF(G7<>"Unknown",G7,H7)) -> All-Rounder | J7: =VLOOKUP(A7,'2025'!B:F,5,FALSE) -> Chennai Super Kings
A8: Rahul Tripathi | B8: =VLOOKUP(A8, '2025'!B:H, 2, FALSE) -> 7500000 | C8: =IFERROR(VLOOKUP(A8,'2024'!B:G,4,FALSE),0) -> 0 | D8: =IFERROR(VLOOKUP(A8,'2023'!B:G,4,FALSE),0) -> 0 | E8: =IFERROR(VLOOKUP(A8,'2022'!B:G,4,FALSE),0) -> 85000000 | F8: =IFERROR(VLOOKUP(A8,'2022'!B:G,3,FALSE),"Unknown") -> Batsman | G8: =IFERROR(VLOOKUP(A8,'2023'!B:G,3,FALSE),"Unknown") -> Unknown | H8: =IFERROR(VLOOKUP(A8,'2024'!B:G,3,FALSE),"Unknown") -> Unknown | I8: =IF(F8<>"Unknown",F8,IF(G8<>"Unknown",G8,H8)) -> Batsman | J8: =VLOOKUP(A8,'2025'!B:F,5,FALSE) -> Chennai Super Kings
A9: Sam Curran | B9: =VLOOKUP(A9, '2025'!B:H, 2, FALSE) -> 20000000 | C9: =IFERROR(VLOOKUP(A9,'2024'!B:G,4,FALSE),0) -> 0 | D9: =IFERROR(VLOOKUP(A9,'2023'!B:G,4,FALSE),0) -> 185000000 | E9: =IFERROR(VLOOKUP(A9,'2022'!B:G,4,FALSE),0) -> 0 | F9: =IFERROR(VLOOKUP(A9,'2022'!B:G,3,FALSE),"Unknown") -> Unknown | G9: =IFERROR(VLOOKUP(A9,'2023'!B:G,3,FALSE),"Unknown") -> All-Rounder | H9: =IFERROR(VLOOKUP(A9,'2024'!B:G,3,FALSE),"Unknown") -> Unknown | I9: =IF(F9<>"Unknown",F9,IF(G9<>"Unknown",G9,H9)) -> All-Rounder | J9: =VLOOKUP(A9,'2025'!B:F,5,FALSE) -> Chennai Super Kings
A10: Gurjapneet Singh | B10: =VLOOKUP(A10, '2025'!B:H, 2, FALSE) -> 3000000 | C10: =IFERROR(VLOOKUP(A10,'2024'!B:G,4,FALSE),0) -> 0 | D10: =IFERROR(VLOOKUP(A10,'2023'!B:G,4,FALSE),0) -> 0 | E10: =IFERROR(VLOOKUP(A10,'2022'!B:G,4,FALSE),0) -> 0 | F10: =IFERROR(VLOOKUP(A10,'2022'!B:G,3,FALSE),"Unknown") -> Unknown | G10: =IFERROR(VLOOKUP(A10,'2023'!B:G,3,FALSE),"Unknown") -> Unknown | H10: =IFERROR(VLOOKUP(A10,'2024'!B:G,3,FALSE),"Unknown") -> Unknown | I10: =IF(F10<>"Unknown",F10,IF(G10<>"Unknown",G10,H10)) -> Unknown | J10: =VLOOKUP(A10,'2025'!B:F,5,FALSE) -> Chennai Super Kings
A11: Nathan Ellis | B11: =VLOOKUP(A11, '2025'!B:H, 2, FALSE) -> 12500000 | C11: =IFERROR(VLOOKUP(A11,'2024'!B:G,4,FALSE),0) -> 0 | D11: =IFERROR(VLOOKUP(A11,'2023'!B:G,4,FALSE),0) -> 0 | E11: =IFERROR(VLOOKUP(A11,'2022'!B:G,4,FALSE),0) -> 7500000 | F11: =IFERROR(VLOOKUP(A11,'2022'!B:G,3,FALSE),"Unknown") -> Bowler | G11: =IFERROR(VLOOKUP(A11,'2023'!B:G,3,FALSE),"Unknown") -> Unknown | H11: =IFERROR(VLOOKUP(A11,'2024'!B:G,3,FALSE),"Unknown") -> Unknown | I11: =IF(F11<>"Unknown",F11,IF(G11<>"Unknown",G11,H11)) -> Bowler | J11: =VLOOKUP(A11,'2025'!B:F,5,FALSE) -> Chennai Super Kings
A12: Deepak Hooda | B12: =VLOOKUP(A12, '2025'!B:H, 2, FALSE) -> 7500000 | C12: =IFERROR(VLOOKUP(A12,'2024'!B:G,4,FALSE),0) -> 0 | D12: =IFERROR(VLOOKUP(A12,'2023'!B:G,4,FALSE),0) -> 0 | E12: =IFERROR(VLOOKUP(A12,'2022'!B:G,4,FALSE),0) -> 57500000 | F12: =IFERROR(VLOOKUP(A12,'2022'!B:G,3,FALSE),"Unknown") -> All-Rounder | G12: =IFERROR(VLOOKUP(A12,'2023'!B:G,3,FALSE),"Unknown") -> Unknown | H12: =IFERROR(VLOOKUP(A12,'2024'!B:G,3,FALSE),"Unknown") -> Unknown | I12: =IF(F12<>"Unknown",F12,IF(G12<>"Unknown",G12,H12)) -> All-Rounder | J12: =VLOOKUP(A12,'2025'!B:F,5,FALSE) -> Chennai Super Kings
A13: Jamie Overton | B13: =VLOOKUP(A13, '2025'!B:H, 2, FALSE) -> 15000000 | C13: =IFERROR(VLOOKUP(A13,'2024'!B:G,4,FALSE),0) -> 0 | D13: =IFERROR(VLOOKUP(A13,'2023'!B:G,4,FALSE),0) -> 0 | E13: =IFERROR(VLOOKUP(A13,'2022'!B:G,4,FALSE),0) -> 0 | F13: =IFERROR(VLOOKUP(A13,'2022'!B:G,3,FALSE),"Unknown") -> Unknown | G13: =IFERROR(VLOOKUP(A13,'2023'!B:G,3,FALSE),"Unknown") -> Unknown | H13: =IFERROR(VLOOKUP(A13,'2024'!B:G,3,FALSE),"Unknown") -> Unknown | I13: =IF(F13<>"Unknown",F13,IF(G13<>"Unknown",G13,H13)) -> Unknown | J13: =VLOOKUP(A13,'2025'!B:F,5,FALSE) -> Chennai Super Kings
... A183: Atharva Taide | B183: =VLOOKUP(A183, '2025'!B:H, 2, FALSE) -> 3000000 | C183: =IFERROR(VLOOKUP(A183,'2024'!B:G,4,FALSE),0) -> 0 | D183: =IFERROR(VLOOKUP(A183,'2023'!B:G,4,FALSE),0) -> 0 | E183: =IFERROR(VLOOKUP(A183,'2022'!B:G,4,FALSE),0) -> 2000000 | F183: =IFERROR(VLOOKUP(A183,'2022'!B:G,3,FALSE),"Unknown") -> All-Rounder | G183: =IFERROR(VLOOKUP(A183,'2023'!B:G,3,FALSE),"Unknown") -> Unknown | H183: =IFERROR(VLOOKUP(A183,'2024'!B:G,3,FALSE),"Unknown") -> Unknown | I183: =IF(F183<>"Unknown",F183,IF(G183<>"Unknown",G183,H183)) -> All-Rounder | J183: =VLOOKUP(A183,'2025'!B:F,5,FALSE) -> Sunrisers Hyderabad

Sheet final
A1: s_no | B1: players_name | C1: final_type | D1: 2025_sold_amt | E1: 2024_sold_amt | F1: 2023_sold_amt | G1: 2022_sold_amt | H1: current_team | I1: cap_uncap | J1: Base_price
A2: 1 | B2: Noor Ahmad | C2: Bowler | D2: 20000000 | E2: 0 | F2: 0 | G2: 3000000 | H2: Chennai Super Kings | I2: Capped | J2: 20000000
A3: 2 | B3: Ravichandaran Ashwin | C3: Unknown | D3: 20000000 | E3: 0 | F3: 0 | G3: 0 | H3: Chennai Super Kings | I3: Capped | J3: 20000000
A4: 3 | B4: Devon Conway | C4: Batsman | D4: 20000000 | E4: 0 | F4: 0 | G4: 10000000 | H4: Chennai Super Kings | I4: Capped | J4: 20000000
A5: 4 | B5: Syed Khaleel Ahmed | C5: Bowler | D5: 20000000 | E5: 0 | F5: 0 | G5: 52500000 | H5: Chennai Super Kings | I5: Capped | J5: 20000000
A6: 5 | B6: Rachin Ravindra | C6: All-Rounder | D6: 15000000 | E6: 18000000 | F6: 0 | G6: 0 | H6: Chennai Super Kings | I6: Capped | J6: 15000000
A7: 6 | B7: Anshul Kamboj | C7: All-Rounder | D7: 3000000 | E7: 2000000 | F7: 0 | G7: 0 | H7: Chennai Super Kings | I7: Uncapped | J7: 3000000
A8: 7 | B8: Rahul Tripathi | C8: Batsman | D8: 7500000 | E8: 0 | F8: 0 | G8: 85000000 | H8: Chennai Super Kings | I8: Capped | J8: 7500000
A9: 8 | B9: Sam Curran | C9: All-Rounder | D9: 20000000 | E9: 0 | F9: 185000000 | G9: 0 | H9: Chennai Super Kings | I9: Capped | J9: 20000000
A10: 9 | B10: Gurjapneet Singh | C10: Unknown | D10: 3000000 | E10: 0 | F10: 0 | G10: 0 | H10: Chennai Super Kings | I10: Uncapped | J10: 3000000
A11: 10 | B11: Nathan Ellis | C11: Bowler | D11: 12500000 | E11: 0 | F11: 0 | G11: 7500000 | H11: Chennai Super Kings | I11: Capped | J11: 12500000
A12: 11 | B12: Deepak Hooda | C12: All-Rounder | D12: 7500000 | E12: 0 | F12: 0 | G12: 57500000 | H12: Chennai Super Kings | I12: Capped | J12: 7500000
A13: 12 | B13: Jamie Overton | C13: Unknown | D13: 15000000 | E13: 0 | F13: 0 | G13: 0 | H13: Chennai Super Kings | I13: Capped | J13: 15000000
... A183: 182 | B183: Atharva Taide | C183: All-Rounder | D183: 3000000 | E183: 0 | F183: 0 | G183: 2000000 | H183: Sunrisers Hyderabad | I183: Uncapped | J183: 3000000
